ISO,COUNTRY,2019INDEP,2020INDEP,2019ELECT,2020ELECT,2019AUSCORR,2020AUSCORR,2019PAR,2020PAR,2019IDH,2020IDH,PERCOR_2020.y.x,PERCOR_2019.y.x,2019LEG,2020LEG,DES2019,DES2020,COUNTRY.x.y,PERCOR_2020.y.y,PERCOR_2019.y.y,INFLACION_2019,INFLACION_2020
ALB,Albania,0.500630557803966,0.519485723317098,1,1,0.29291345450259,0.29291345450259,0.306,0.31,0.81,0.794,36,35,5.7,5.8,11.4700002670288,13.3290004730225,Albania,36,35,1.41109078954248,1.62088661717004
ARE,United Arab Emirates,0.296062809150737,0.284550564229974,0,0,0.663384119277669,0.663384119277669,0.03,0.038,0.92,0.912,71,71,6.6,6.5,2.23000001907349,3.18799996376038,United Arab Emirates,71,71,-1.93108114782171,-2.0794031794094
ARM,Armenia,0.530661558684319,0.471559364838627,0.757503043355803,0.757503043355803,0.571899807459855,0.544229820126355,0.563,0.517,0.778,0.757,49,42,7.1,6.6,18.2999992370605,21.2059993743896,Armenia,49,42,1.44344660770702,1.21143577838465
AUS,Australia,0.981589242019621,0.981589242019621,1,1,0.861388310297056,0.861388310297056,0.61,0.618,0.94,0.946,77,77,1,0.7,5.15999984741211,6.46000003814697,Australia,77,77,1.61076787290379,0.846905537459293
AUT,Austria,0.761145219073164,0.761145219073164,1,1,0.719401434675011,0.736165419559843,0.621,0.616,0.919,0.913,76,77,1.1,0.8,4.48999977111816,5.3600001335144,Austria,76,77,1.53089564152645,1.38191063351859
AZE,Azerbaijan,0.036189331147397,0.098667521007243,0.596809139715221,0.596809139715221,0.189927769324267,0.161937467499719,0.065,0.066,0.761,0.73,30,30,9,9.1,4.84999990463257,6.46299982070923,Azerbaijan,30,30,2.61057182799216,2.75980947008126
BDI,Burundi,0.216768178184963,0.17031799165619,0.507906352415893,0.507906352415893,0.138357931861604,0.176348879873023,0.15,0.15,0.43,0.425,19,19,9,9.1,1.58899998664856,1.70700001716614,Burundi,19,19,-0.686772170797229,7.32110643415513
BEL,Belgium,0.732972181251862,0.732972181251862,1,1,0.842100464158,0.842100464158,0.634,0.631,0.936,0.928,76,75,1.4,1.1,5.3600001335144,5.55000019073486,Belgium,76,75,1.43681956996435,0.740791812220385
BEN,Benin,0.472596020711257,0.432121055803217,0.757503043355803,0.757503043355803,0.499214574313917,0.670107320940114,0.305,0.241,0.53,0.524,41,41,4.8,4.9,1.47000002861023,1.58399999141693,Benin,41,41,-0.70502663454275,3.02272119663756
BFA,Burkina Faso,0.477838202303996,0.477838202303996,0.596809139715221,0.596809139715221,0.498152560295423,0.498152560295423,0.432,0.429,0.452,0.449,40,40,6.5,6.2,4.69299983978271,4.89499998092651,Burkina Faso,40,40,-3.23338933983321,1.88470066518846
BGD,Bangladesh,0.277071664403086,0.302846014155302,0.507906352415893,0.507906352415893,0.182048327254729,0.182048327254729,0.129,0.133,0.644,0.655,26,26,7.6,7.3,4.43800020217896,5.41300010681152,Bangladesh,26,26,5.59199639930633,5.6910747474621
BGR,Bulgaria,0.596464499040011,0.581332058897748,1,1,0.445125401823732,0.439811409531237,0.456,0.454,0.81,0.802,44,43,3.9,3.6,4.23000001907349,5.11999988555908,Bulgaria,44,43,3.10372944796774,1.67244096855762
BHR,Bahrain,0.177033917530216,0.177033917530216,0.403613814208192,0.403613814208192,0.4205654872407,0.4205654872407,0.035,0.034,0.882,0.877,42,42,8.5,8.3,1.19599997997284,1.78100001811981,Bahrain,42,42,1.00582004702132,-2.31770629331374
BIH,Bosnia and Herzegovina,0.536501449785747,0.532394263115113,0.592796181284502,0.592796181284502,0.316097069545503,0.308762521400582,0.314,0.328,0.783,0.781,35,36,6.3,6.4,15.6899995803833,15.2650003433228,Bosnia and Herzegovina,35,36,0.562782154061303,-1.05129600763481
BLR,Belarus,0.128829068227855,0.101910381951478,0.596809139715221,0.596809139715221,0.471671043035165,0.469744736054906,0.102,0.094,0.816,0.807,47,45,8.8,8.5,4.15999984741211,4.76800012588501,Belarus,47,45,5.59815595039851,5.54814357456511
BRA,Brazil,0.616930341473903,0.614226996053502,1,1,0.491672385021229,0.494721304902882,0.424,0.433,0.766,0.758,38,35,7,6.7,11.9300003051758,13.6899995803833,Brazil,38,35,3.73297621216894,3.21176803803379
BTN,Bhutan,0.733356710888411,0.721821627253884,0.700215479300266,0.700215479300266,0.675848821107089,0.675848821107089,0.376,0.373,0.671,0.668,68,68,3.7,3.4,2.50200009346008,3.6489999294281,Bhutan,68,68,2.72582104307304,5.62999177986902
BWA,Botswana,0.631130809583551,0.62589460874845,0.71157366794528,0.71157366794528,0.578125682529142,0.659776993584958,0.416,0.367,0.716,0.712,60,61,2.7,2.4,22.6100006103516,24.9300003051758,Botswana,60,61,2.7728644286333,1.89035916824198
CAF,Central African Republic,0.387409719947111,0.33488623850185,0.596809139715221,0.596809139715221,0.338163044422255,0.290453088558425,0.166,0.163,0.41,0.406,26,25,9.1,8.8,5.6230001449585,6.35699987411499,Central African Republic,26,25,2.68537355266785,1.71015659523149
CAN,Canada,0.822942253332619,0.720253156603365,1,1,0.878208736034787,0.845525082507466,0.604,0.613,0.937,0.931,77,77,0.7,0.5,5.65999984741211,9.46000003814697,Canada,77,77,1.94926902411596,0.716999632307852
CHE,Switzerland,0.969798864519593,0.969798864519593,1,1,0.879869452635873,0.879869452635873,0.798,0.79,0.961,0.955,85,85,0.7,0.5,4.3899998664856,4.82000017166138,Switzerland,85,85,0.362886179940635,-0.725874933313391
CHL,Chile,0.743080556566796,0.795759615898965,1,1,0.724631230709687,0.724631230709687,0.565,0.598,0.86,0.851,67,67,2.7,5.7,7.28999996185303,11.1800003051758,Chile,67,67,2.55754475703323,3.04549084804331
CHN,China,0.19866353734391,0.169038776138705,0.130362514286548,0.130362514286548,0.491044534730414,0.498583422043114,0.037,0.037,0.762,0.764,42,41,8.7,8.7,4.51999998092651,5,China,42,41,2.89923416358227,2.4194218945778
CMR,Cameroon,0.217288691277166,0.204962082158646,0.596809139715221,0.596809139715221,0.157904953873993,0.145108241660747,0.112,0.118,0.582,0.577,25,25,9.2,8.9,3.63800001144409,3.83699989318848,Cameroon,25,25,2.45280214062733,2.43760882182242
COL,Colombia,0.645291567833611,0.645291567833611,0.888593521750256,0.888593521750256,0.516134946725537,0.484353673347596,0.461,0.436,0.768,0.756,39,37,5.7,5.8,9.96000003814697,15.039999961853,Colombia,39,37,3.52549273618952,2.52462053498877
CRI,Costa Rica,0.747044248032,0.747044248032,1,1,0.617889378890544,0.617889378890544,0.662,0.662,0.818,0.815,57,56,1.8,1.5,11.4899997711182,17.4099998474121,Costa Rica,57,56,2.09604635327805,0.724911478131358
CYP,Cyprus,0.665918197632265,0.665918197632265,1,1,0.594587663062092,0.594587663062092,0.574,0.531,0.897,0.894,57,58,4.2,3.9,7.07000017166138,7.59000015258789,Cyprus,57,58,0.250370996758456,-0.638422797978907
DEU,Germany,0.742963078006956,0.742963078006956,1,1,0.908811944905428,0.908811944905428,0.637,0.633,0.947,0.943,80,80,0.7,0.5,3.14000010490417,3.80999994277954,Germany,80,80,1.4456670146976,0.506689889953274
DJI,Djibouti,0.383042273487741,0.383042273487741,0.596809139715221,0.596809139715221,0.346757292027394,0.346757292027394,0.139,0.138,0.512,0.51,27,30,8.1,8.1,26.3570003509521,28.3899993896484,Djibouti,27,30,3.31925372703833,1.77740783806174
DNK,Denmark,0.931447414512709,1,1,1,0.969306021880301,0.969306021880301,0.699,0.694,0.945,0.946,88,87,0.9,0.6,5.01999998092651,5.6399998664856,Denmark,88,87,0.758131572511619,0.420711974110026
DOM,Dominican Republic,0.371255821089945,0.546323286186307,1,1,0.159024405139514,0.375408023331259,0.329,0.379,0.771,0.764,28,28,6,6.3,6.3600001335144,6.13000011444092,Dominican Republic,28,28,1.8106037704296,3.78103179915516
DZA,Algeria,0.241166174122908,0.25635757234009,0.487284053259537,0.487284053259537,0.401866866654386,0.3971169388357,0.109,0.114,0.748,0.735,36,35,7.4,8.2,10.5129995346069,12.5500001907349,Algeria,36,35,1.95176821052894,2.41513094083414
ECU,Ecuador,0.436431666202473,0.468399562159223,1,1,0.470247642797246,0.473042301392906,0.465,0.465,0.76,0.73,39,38,5.7,6,3.80999994277954,6.1100001335144,Ecuador,39,38,0.266012515466136,-0.338872392562274
EGY,Egypt,0.489879005313309,0.489879005313309,0.403613814208192,0.403613814208192,0.314960592994484,0.314960592994484,0.08,0.081,0.734,0.733,33,35,8.6,8.6,7.84000015258789,9.16699981689453,Egypt,33,35,9.15279959324812,5.04493288977533
ESP,Spain,0.84700063863821,0.84700063863821,1,1,0.846383191388388,0.846383191388388,0.625,0.638,0.908,0.899,62,62,6.9,7.2,14.1000003814697,15.5299997329712,Spain,62,62,0.699518994458693,-0.322753017299705
EST,Estonia,0.802659723574323,0.802659723574323,1,1,0.777874403852255,0.777874403852255,0.628,0.626,0.896,0.892,75,74,2.1,1.8,4.44999980926514,6.80000019073486,Estonia,75,74,2.27725931243518,-0.444531097679859
ETH,Ethiopia,0.357023755590913,0.364192663585997,0.596809139715221,0.596809139715221,0.441218584368754,0.443780839816591,0.155,0.15,0.498,0.498,38,37,8,8.5,2.32599997520447,3.23699998855591,Ethiopia,38,37,15.8096321719345,20.3563468559061
FIN,Finland,0.873640560959451,0.873640560959451,1,1,0.885882441111553,0.863707646816586,0.628,0.628,0.938,0.937,85,86,0.9,0.6,6.69000005722046,7.76000022888184,Finland,85,86,1.02409392963429,0.290554555653313
FRA,France,0.708875032485136,0.708875032485136,1,1,0.754889188402984,0.754889188402984,0.614,0.615,0.905,0.898,69,69,1.5,1.2,8.40999984741211,8.01000022888184,France,69,69,1.10825492288292,0.476498852725083
GAB,Gabon,0.32788904803039,0.341061159976219,0.596809139715221,0.596809139715221,0.293865381652475,0.305081316027164,0.266,0.264,0.708,0.71,30,31,7.8,7.8,20.742000579834,21.9720001220703,Gabon,30,31,2.46456756151187,1.17681176042119
GBR,United Kingdom,0.743701228378046,0.760994078593649,1,1,0.838583445002687,0.813015515911092,0.642,0.643,0.935,0.924,77,77,2.3,2.9,3.74000000953674,4.47200012207031,United Kingdom,77,77,1.73810460086511,0.98948670377243
GEO,Georgia,0.465796026849838,0.477304295282359,1,1,0.64070215994601,0.627425529831276,0.432,0.425,0.81,0.802,56,56,8.1,8.5,11.5699996948242,18.5,Georgia,56,56,4.85289821696731,5.2024648897533
GHA,Ghana,0.642277789364186,0.619200196007292,1,1,0.36515901147213,0.36515901147213,0.363,0.361,0.631,0.632,43,41,3.6,3.3,4.31599998474121,4.65100002288818,Ghana,43,41,7.14364003330856,9.88728956269943
GIN,Guinea,0.314083892932049,0.314083892932049,0.757503043355803,0.757503043355803,0.239577788214539,0.239577788214539,0.235,0.223,0.467,0.466,28,29,9.8,9.9,5.01999998092651,6.10300016403198,Guinea,28,29,9.47077937313535,10.6018600008336
GMB,Gambia,0.649356394113903,0.64604937085938,0.71157366794528,0.71157366794528,0.457831849731498,0.457831849731498,0.331,0.31,0.503,0.501,37,37,7.8,7.5,9.4980001449585,11.081000328064,Gambia,37,37,7.11567625631191,5.93127636562439
GNQ,Equatorial Guinea,0.019755058561932,0.019755058561932,0.292491906710228,0.292491906710228,0.222782673324486,0.222782673324486,0.05,0.05,0.604,0.598,16,16,9.8,9.8,8.67899990081787,9.90100002288818,Equatorial Guinea,16,16,1.23869860205109,4.76970498098298
GRC,Greece,0.64499129726571,0.63206203695799,1,1,0.617889378890544,0.601104898908509,0.62,0.596,0.889,0.886,50,48,6.1,5.8,17.3099994659424,16.2999992370605,Greece,50,48,0.25300752203812,-1.24798355581408
GTM,Guatemala,0.555533446536442,0.57255859813355,1,1,0.30337404655559,0.315942133560544,0.349,0.356,0.642,0.635,25,26,6.7,6.4,2.19000005722046,3.55299997329712,Guatemala,25,26,3.69998398008601,3.21444062197346
GUY,Guyana,0.553358938108744,0.581952488253191,0.888593521750256,0.888593521750256,0.46857297731717,0.438620694955572,0.397,0.35,0.707,0.72,41,40,4.8,4.5,13.9919996261597,16.4309997558594,Guyana,41,40,2.0872308916202,0.993337022838757
HND,Honduras,0.453660295345314,0.455337410494025,0.792424811829241,0.792424811829241,0.251934128984144,0.260560191221076,0.247,0.246,0.632,0.621,24,26,6.9,7,5.69999980926514,8.3730001449585,Honduras,24,26,4.36587159819272,3.46841177951168
HRV,Croatia,0.592148470860453,0.620544600060024,1,1,0.551913390222694,0.551913390222694,0.524,0.533,0.86,0.854,47,47,2.3,2.2,6.61999988555908,7.51000022888184,Croatia,47,47,0.771820346498083,0.154811374562028
HTI,Haiti,0.320453075775314,0.334206619133369,0.596809139715221,0.596809139715221,0.230094794853553,0.295284425441366,0.233,0.215,0.543,0.54,18,18,8.8,9.1,13.914999961853,15.451000213623,Haiti,18,18,18.7037825672506,22.7963113642528
HUN,Hungary,0.551898102677492,0.542489940079578,1,1,0.506902634805902,0.505191686545562,0.317,0.317,0.852,0.848,44,44,6.4,6.1,3.42000007629395,4.25,Hungary,44,44,3.3385863538201,3.3267438576673
IDN,Indonesia,0.567058345870176,0.549544797919464,1,1,0.311003423909931,0.270514626517457,0.411,0.4,0.715,0.708,37,40,4.5,4.2,3.61999988555908,4.28000020980835,Indonesia,37,40,3.03058664969491,1.92096800566845
IND,India,0.556166578960677,0.543499903555315,0.888593521750256,0.888593521750256,0.458010473627102,0.446300757146808,0.283,0.266,0.645,0.642,40,41,4.1,4,5.26999998092651,7.99700021743774,India,40,41,3.72950573539126,6.62343677628532
IRL,Ireland,0.833735451295754,0.833735451295754,1,1,0.78107670048087,0.78107670048087,0.634,0.643,0.941,0.942,72,74,0.7,0.4,4.94999980926514,5.61999988555908,Ireland,72,74,0.939044481054341,-0.334584625428444
IRQ,Iraq,0.436272075505364,0.377172376868319,0.596809139715221,0.596809139715221,0.254131207850116,0.245812261927148,0.261,0.24,0.695,0.679,21,20,8.9,9.1,12.8629999160767,14.0880002975464,Iraq,21,20,-0.198965380023871,0.574162679425838
ISL,Iceland,0.79892167785686,0.79892167785686,0.932146459280028,0.932146459280028,0.850708155305407,0.850708155305407,0.638,0.626,0.96,0.956,75,78,1,0.7,3.50999999046326,5.48000001907349,Iceland,75,78,3.01397179156056,2.84792401518658
ITA,Italy,0.656533626524193,0.656533626524193,0.888593521750256,0.888593521750256,0.649334660052657,0.649334660052657,0.678,0.682,0.897,0.889,53,53,3.4,3.1,9.94999980926514,9.15999984741211,Italy,53,53,0.611246943765291,-0.13770757391657
JAM,Jamaica,0.72543972694065,0.730186469350041,1,1,0.647221138236471,0.625554217567384,0.559,0.548,0.718,0.712,44,43,4.2,3.9,7.69000005722046,9.47999954223633,Jamaica,44,43,3.90510000865876,5.22677779293517
JOR,Jordan,0.471217728962394,0.477230686159503,0.403613814208192,0.403613814208192,0.482885419666126,0.482885419666126,0.126,0.124,0.726,0.722,49,48,6,6,16.8099994659424,19.0259990692139,Jordan,49,48,0.761514047265513,0.33329435062843
JPN,Japan,0.584809957035675,0.566650607777249,1,1,0.707060795580647,0.707060795580647,0.545,0.542,0.924,0.923,74,73,0.9,0.6,2.40000009536743,2.79999995231628,Japan,74,73,0.468776159383912,-0.0249958340276592
KAZ,Kazakhstan,0.231812011483494,0.250080960659913,0.507906352415893,0.507906352415893,0.32388073180057,0.32388073180057,0.078,0.081,0.818,0.813,38,34,8.5,8.4,4.80000019073486,4.8899998664856,Kazakhstan,38,34,5.24547679608388,6.74900183815967
KEN,Kenya,0.547453190287877,0.547453190287877,0.749856402566357,0.749856402566357,0.411698362988437,0.406078825412835,0.3,0.311,0.58,0.577,31,28,8.2,7.9,5.01000022888184,5.72900009155273,Kenya,31,28,5.23585999425422,5.40481467184518
KHM,Cambodia,0.239123776262547,0.221919869651845,0.487284053259537,0.487284053259537,0.140080553489076,0.140080553489076,0.138,0.137,0.597,0.595,21,20,8.7,8.4,0.146999999880791,0.331000000238419,Cambodia,21,20,1.94257500833109,2.94029514263973
KWT,Kuwait,0.561917041623354,0.561917041623354,0.403613814208192,0.403613814208192,0.464543191905661,0.464543191905661,0.092,0.1,0.838,0.821,42,40,7.3,7.2,2.16700005531311,3.53900003433228,Kuwait,42,40,1.09184802655847,2.1017295482741
LBN,Lebanon,0.438920441034836,0.431262753617073,0.596809139715221,0.596809139715221,0.344523686645691,0.337555606264788,0.261,0.263,0.745,0.725,25,28,7.1,7.4,11.3500003814697,13.2969999313354,Lebanon,25,28,3.0053894939038,84.8643330472041
LKA,Sri Lanka,0.694144562905939,0.507398084173628,1,1,0.469999657973695,0.425883783949332,0.347,0.344,0.778,0.78,38,38,6.9,6.6,4.34999990463257,5.87799978256226,Sri Lanka,38,38,3.52839358231809,6.15394508391743
LSO,Lesotho,0.55011665391392,0.564532124224612,0.888593521750256,0.888593521750256,0.449440225545105,0.427290107381328,0.39,0.392,0.524,0.521,41,40,5.3,5,22.4400005340576,24.5629997253418,Lesotho,41,40,5.18708359197993,4.97809676252292
LTU,Lithuania,0.823062777140929,0.823062777140929,1,1,0.704647885556847,0.693550998492252,0.625,0.622,0.884,0.879,60,60,2.1,1.8,6.26000022888184,8.48999977111816,Lithuania,60,60,2.33450937988024,1.19989444983569
LUX,Luxembourg,0.566205974300409,0.654590935796506,1,1,0.8733125866362,0.8733125866362,0.637,0.627,0.927,0.924,80,80,0.7,0.5,5.59000015258789,6.76999998092651,Luxembourg,80,80,1.74332075653843,0.819957302126994
LVA,Latvia,0.820808764822975,0.820808764822975,0.757503043355803,0.757503043355803,0.701909631040942,0.689110731809525,0.58,0.589,0.871,0.871,57,56,2.8,2.5,6.30999994277954,8.10000038146973,Latvia,57,56,2.81140920075622,0.219064904842049
MAR,Morocco,0.512427550789282,0.518594702854377,0.403613814208192,0.403613814208192,0.416743253785224,0.416743253785224,0.165,0.162,0.682,0.679,40,41,6.8,6.8,9.27999973297119,11.4540004730225,Morocco,40,41,0.303386036590361,0.705968661338317
MDG,Madagascar,0.265780488110691,0.282779035517988,0.596809139715221,0.596809139715221,0.310206257118743,0.310206257118743,0.288,0.287,0.51,0.501,25,24,6.5,6.2,1.85699999332428,2.47399997711182,Madagascar,25,24,5.61051441492366,4.20179312190553
MDV,Maldives,0.447053711600295,0.508181857503069,0.932146459280028,0.932146459280028,0.526955560539771,0.540778494352717,0.295,0.339,0.755,0.733,43,29,8.3,7.8,5.34000015258789,6.32800006866455,Maldives,43,29,0.220029731065343,-1.3697742556981
MEX,Mexico,0.508515974232647,0.477814855134674,1,1,0.447932401648601,0.453590582960837,0.402,0.389,0.779,0.756,31,29,5.9,5.6,3.48000001907349,4.44999980926514,Mexico,31,29,3.6359614212705,3.39683415569999
MLI,Mali,0.518855846922387,0.49876531872134,0.757503043355803,0.640284989226109,0.330167748996245,0.336517426826891,0.292,0.253,0.433,0.426,30,29,6.5,7,7.44199991226196,7.69600009918213,Mali,30,29,-1.65826694846368,0.438088940320712
MLT,Malta,0.550023083077812,0.673490387293242,0.932146459280028,0.932146459280028,0.567333274619645,0.567333274619645,0.571,0.562,0.915,0.911,53,54,3.3,3.4,3.61999988555908,4.26000022888184,Malta,53,54,1.64206001768947,0.638544956776653
MNE,Montenegro,0.537848924217146,0.530351868108098,0.792424811829241,0.792424811829241,0.470007412792079,0.5165229611476,0.307,0.311,0.836,0.825,45,45,4.1,4,15.1199998855591,17.8999996185303,Montenegro,45,45,0.361563704540798,-0.255655699848551
MNG,Mongolia,0.578104004763675,0.578104004763675,1,1,0.430766486335379,0.430766486335379,0.371,0.361,0.746,0.745,35,35,4.1,3.8,5.43900012969971,7.01000022888184,Mongolia,35,35,7.30481597480148,3.69316922767457
MOZ,Mozambique,0.464347485113637,0.484004750572108,0.596809139715221,0.596809139715221,0.348393626130329,0.358360944126115,0.251,0.223,0.456,0.453,25,26,6.8,7.3,3.46600008010864,3.80999994277954,Mozambique,25,26,2.78110631182942,3.14169129409215
MRT,Mauritania,0.309182852137884,0.310455735908064,0.487284053259537,0.487284053259537,0.305872631583808,0.243828766520793,0.247,0.26,0.562,0.556,29,28,8.3,8,10.3929996490479,11.2700004577637,Mauritania,29,28,2.30009262117938,2.38569488456317
MUS,Mauritius,0.612331001468238,0.573753668392715,0.888593521750256,0.888593521750256,0.44084155059811,0.441907772711846,0.483,0.359,0.816,0.804,53,52,2.4,2.1,6.32999992370605,7.40700006484985,Mauritius,53,52,0.405655190309511,2.58080077182828
MWI,Malawi,0.566794031286151,0.576105993500736,0.757503043355803,0.757503043355803,0.300678073991628,0.364443175612648,0.319,0.36,0.519,0.516,30,31,6.1,6.6,5.7519998550415,6.70100021362305,Malawi,30,31,9.37083605605672,8.62551469650552
MYS,Malaysia,0.525326507527127,0.525326507527127,1,1,0.533068588812554,0.484084452952427,0.285,0.259,0.81,0.806,51,53,6.9,6.6,3.25999999046326,4.50400018692017,Malaysia,51,53,0.662891865764376,-1.13870215393056
NAM,Namibia,0.567578591921571,0.626537724239057,0.596809139715221,0.596809139715221,0.502287836078423,0.487884424679962,0.429,0.393,0.639,0.633,51,52,3,2.9,19.988000869751,21.4459991455078,Namibia,51,52,3.72239414422688,2.20938236933476
NER,Niger,0.411821091303045,0.410992198839048,0.757503043355803,0.757503043355803,0.425029855103739,0.425029855103739,0.295,0.296,0.406,0.401,32,32,7.3,7,0.554000020027161,0.624000012874603,Niger,32,32,-2.48979265070851,2.89819376026271
NGA,Nigeria,0.476194605205182,0.46209438336464,0.757503043355803,0.757503043355803,0.190321726471019,0.166380446717283,0.357,0.35,0.538,0.535,25,26,8,8.1,8.52999973297119,9.71399974822998,Nigeria,25,26,11.3967949687168,13.2460234276597
NIC,Nicaragua,0.03384419007515,0.03384419007515,0.596809139715221,0.596809139715221,0.277166503820617,0.165498559353345,0.147,0.14,0.664,0.654,22,22,8.1,8.4,5.21099996566772,6.07800006866455,Nicaragua,22,22,5.3762899084413,3.68181341625573
NLD,Netherlands,0.809575640480129,0.809575640480129,1,1,0.852277996164713,0.852277996164713,0.592,0.589,0.942,0.938,82,82,1,0.7,3.38000011444092,3.8199999332428,Netherlands,82,82,2.63369910249593,1.2724603778917
NOR,Norway,0.915894744444782,0.915894744444782,1,1,0.8826062840753,0.8826062840753,0.64,0.647,0.96,0.958,84,84,0.6,0.5,3.69000005722046,4.42000007629395,Norway,84,84,2.16773003305405,1.28658490707998
NPL,Nepal,0.543330705964881,0.538640936754243,1,1,0.366307931906731,0.380390099597799,0.384,0.386,0.61,0.603,33,34,6.6,6.3,3.09699988365173,4.72399997711182,Nepal,33,34,5.56868547784925,5.05236655289216
NZL,New Zealand,0.873217075648748,0.873217075648748,1,1,0.91968453159009,0.91968453159009,0.698,0.696,0.937,0.936,88,87,0.6,0.5,4.1100001335144,4.59000015258789,New Zealand,88,87,1.61963190184049,1.71456170007244
OMN,Oman,0.413756208251918,0.413756208251918,0.403613814208192,0.403613814208192,0.514983202998498,0.514983202998498,0.124,0.123,0.838,0.826,54,52,7,6.9,1.84800004959106,2.94000005722046,Oman,54,52,0.133795057453182,-0.903874872278535
PAK,Pakistan,0.473176632810784,0.524937318046665,1,1,0.331713808801807,0.341915118495281,0.214,0.232,0.546,0.543,31,32,7.9,7.6,3.54200005531311,4.30299997329712,Pakistan,31,32,10.5783618004555,9.73999313898131
PAN,Panama,0.445928963330096,0.456621452123919,1,1,0.470404994987133,0.464738177977044,0.455,0.463,0.816,0.801,35,36,2.9,2.8,4.72599983215332,12.8540000915527,Panama,35,36,-0.355083821021212,-1.55027540803759
PER,Peru,0.615389725583653,0.653402289607379,1,1,0.505893996519937,0.513925646098127,0.59,0.591,0.78,0.762,38,36,6.6,7.1,3.38000011444092,7.17999982833862,Peru,38,36,2.25212191358024,2.00241205759293
PHL,Philippines,0.462177256542117,0.476599822343614,1,1,0.425050042595229,0.425050042595229,0.315,0.287,0.717,0.71,34,34,7.2,7.3,2.24000000953674,2.51999998092651,Philippines,34,34,2.39206534422402,2.39316239316241
PNG,Papua New Guinea,0.624526739846588,0.637773490679139,0.757503043355803,0.757503043355803,0.314902007290905,0.314902007290905,0.257,0.256,0.56,0.56,27,28,6.2,6,2.44899988174438,2.59500002861023,Papua New Guinea,27,28,3.92867290939598,4.87167398565548
POL,Poland,0.478909038417678,0.489346605595128,1,1,0.660131099923564,0.660131099923564,0.456,0.413,0.881,0.876,56,58,4.1,4.2,3.27999997138977,3.16000008583069,Poland,56,58,2.227478809383,3.3744697261859
PRT,Portugal,0.888963696465079,0.771268723627613,1,1,0.725787178183602,0.660598987653079,0.632,0.607,0.866,0.862,61,62,1,0.8,6.46000003814697,6.78999996185303,Portugal,61,62,0.338178410046125,-0.0124383299576167
PRY,Paraguay,0.485525451550719,0.486308269153095,1,1,0.36991068453306,0.362746885930053,0.363,0.353,0.731,0.73,28,28,6.8,6.5,6.59000015258789,7.55000019073486,Paraguay,28,28,2.7570972756279,1.7675159235669
QAT,Qatar,0.380298656459478,0.384917206216501,0,0,0.477640616331443,0.477640616331443,0.031,0.025,0.858,0.853,63,62,6.4,6.3,0.100000001490116,0.214000001549721,Qatar,63,62,-0.666641124861102,-2.54031503004763
ROU,Romania,0.468283823902127,0.678474014146623,1,1,0.514772535500501,0.530180190439834,0.493,0.569,0.831,0.823,44,44,5.6,5.3,3.91000008583069,5.03000020980835,Romania,44,44,3.82785432599428,2.63107311184752
RWA,Rwanda,0.314499082863156,0.354722840776146,0.403613814208192,0.403613814208192,0.538531613436361,0.538531613436361,0.196,0.185,0.534,0.532,54,53,6.8,6.8,1.09800004959106,1.48500001430511,Rwanda,54,53,3.3478765503764,9.85039902274209
SAU,Saudi Arabia,0.297979829631891,0.305593505877194,0,0,0.410082075586238,0.429541636527274,0.021,0.019,0.873,0.87,53,53,8.4,8.1,5.6729998588562,7.44999980926514,Saudi Arabia,53,53,-2.09333333333333,3.44545825956691
SDN,Sudan,0.37819971341922,0.379477485067874,0.403613814208192,0.403613814208192,0.435154349906756,0.399458411387346,0.114,0.105,0.514,0.51,16,16,9.8,9.3,17.6539993286133,19.6490001678467,Sudan,16,16,50.9940515002971,150.322723865569
SEN,Senegal,0.487166289486638,0.480951648162092,1,1,0.546073260433315,0.551349663709673,0.4,0.399,0.513,0.513,45,45,4.1,3.8,2.85999989509583,3.62299990653992,Senegal,45,45,1.75856517595659,2.54743464570552
SGP,Singapore,0.469569533719843,0.481031440652036,0.596809139715221,0.596809139715221,0.905542722539938,0.905542722539938,0.11,0.101,0.942,0.938,85,85,3.9,3.8,3.09999990463257,4.09999990463257,Singapore,85,85,0.565260568780358,-0.181916666666656
SLB,Solomon Islands,0.612616818581693,0.612022554839848,1,1,0.382054529136118,0.373174843312394,0.365,0.367,0.566,0.564,42,42,6.2,5.9,0.754999995231628,0.916000008583069,Solomon Islands,42,42,1.63485544012242,2.96354992076069
SLE,Sierra Leone,0.435095804830193,0.518177047404115,0.888593521750256,0.888593521750256,0.395890478882719,0.419372237797727,0.368,0.372,0.48,0.474,33,33,6.3,6,4.64900016784668,5.19500017166138,Sierra Leone,33,33,14.8030585681759,13.4469773031285
SLV,El Salvador,0.462821906173126,0.466775161450499,1,1,0.429075290644529,0.33199306525213,0.376,0.336,0.683,0.672,36,34,4.2,4,4.17000007629395,6.2480001449585,El Salvador,36,34,0.0753241350024327,-0.371590212323993
SRB,Serbia,0.476555535773921,0.476445753548021,1,1,0.390928281734524,0.378662848293153,0.237,0.232,0.811,0.804,38,39,5.5,5.2,10.3900003433228,9.01000022888184,Serbia,38,39,1.8492298451109,1.57553290083409
SSD,South Sudan,0.298358504613048,0.298358504613048,0.041904429567227,0.041904429567227,0.096520133370552,0.113814860794871,0.064,0.07,0.393,0.386,12,12,10,9.9,12.2259998321533,14.0299997329712,South Sudan,12,12,87.2413641500032,29.6758435538571
SVN,Slovenia,0.726460996264125,0.673290670577711,1,1,0.68361831180836,0.624353811479444,0.604,0.545,0.921,0.913,60,60,2.1,1.8,4.44999980926514,4.96999979019165,Slovenia,60,60,1.63052260754338,-0.0548568157606067
SWE,Sweden,0.893941828775974,0.893941828775974,1,1,0.908811944905428,0.908811944905428,0.655,0.655,0.946,0.941,85,85,0.8,0.5,6.82999992370605,8.28999996185303,Sweden,85,85,1.78415097403832,0.497367318853562
TCD,Chad,0.258882216279083,0.267841762154187,0.487284053259537,0.487284053259537,0.114551173103632,0.114551173103632,0.13,0.129,0.403,0.397,21,20,9.6,9.3,1.12300002574921,1.74199998378754,Chad,21,20,-0.971939175419353,4.46414437232863
TGO,Togo,0.283463784340454,0.286332196836912,0.596809139715221,0.596809139715221,0.314264014403485,0.304412445097507,0.227,0.25,0.535,0.535,29,29,8.5,8.5,3.71900010108948,3.9449999332428,Togo,29,29,0.685897590895539,1.82754038520035
THA,Thailand,0.460402519076093,0.443667435068648,0.130362514286548,0.130362514286548,0.354913251576725,0.354913251576725,0.111,0.108,0.804,0.802,36,36,7.8,7.6,0.720000028610229,1.10000002384186,Thailand,36,36,0.70672860131428,-0.845937147357037
TTO,Trinidad and Tobago,0.631601789536841,0.632098315843828,1,1,0.693124765587979,0.693124765587979,0.483,0.481,0.82,0.817,40,40,3.9,3.6,3.42199993133545,4.56799983978271,Trinidad and Tobago,40,40,1.00054293027224,0.598986330824747
TUN,Tunisia,0.71433694873086,0.733213706331241,0.757503043355803,0.757503043355803,0.605305959588936,0.614966065686743,0.49,0.484,0.745,0.736,44,43,6.7,6.2,15.1300001144409,16.5919990539551,Tunisia,44,43,6.72007532863804,5.63415115897623
UGA,Uganda,0.477717295590067,0.494571798191588,0.403613814208192,0.403613814208192,0.286122132795646,0.293744229671673,0.218,0.203,0.525,0.524,27,28,8.6,8.3,1.92499995231628,2.76799988746643,Uganda,27,28,2.86909425020554,3.7944227490438
UKR,Ukraine,0.392292136093297,0.367558531441589,0.757503043355803,0.757503043355803,0.434554553533307,0.419172995934893,0.31,0.341,0.786,0.775,33,30,7.6,7.1,8.1899995803833,9.13199996948242,Ukraine,33,30,7.8867174561113,2.7324920941942
URY,Uruguay,0.746874792513113,0.817555327584653,1,1,0.695568014562028,0.695568014562028,0.727,0.694,0.82,0.82,71,71,0.7,0.4,8.88000011444092,10.3500003814697,Uruguay,71,71,7.88198870879622,9.75640636078191
ZAF,South Africa,0.64933341152209,0.667917844723415,0.792424811829241,0.792424811829241,0.389887642272029,0.455992495296376,0.459,0.431,0.735,0.726,44,44,6.5,6.2,28.4699993133545,29.2199993133545,South Africa,44,44,4.12024587014984,3.21003597454107
ZMB,Zambia,0.48225247197273,0.478791977668081,0.888593521750256,0.888593521750256,0.450081075742464,0.451944782550212,0.237,0.202,0.574,0.569,33,34,8.1,7.8,12.5200004577637,12.8479995727539,Zambia,33,34,9.15031644316299,15.7325851421273
ZWE,Zimbabwe,0.418945564323341,0.401430857979159,0.507906352415893,0.507906352415893,0.2792051339284,0.284438005820262,0.214,0.197,0.6,0.6,24,24,9.4,9.1,4.83300018310547,5.35099983215332,Zimbabwe,24,24,255.304990757856,557.20181736205
